{
  "Category" : {
    "01" : {
      "Image" : "http://www.spoonfedcatering.com/wp-content/uploads/2017/12/stand_up_finger_food_spoon.jpg",
      "Name" : "FINGER FOODS"
    },
    "02" : {
      "Image" : "https://food.fnr.sndimg.com/content/dam/images/food/fullset/2009/8/13/2/FNM100109Insert003_s4x3.jpg.rend.hgtvcom.1280.960.suffix/1382539178682.jpeg",
      "Name" : "WESTERN SOUPS"
    },
    "03" : {
      "Image" : "https://i.ndtvimg.com/i/2016-06/carrot-soup_625x350_51466074454.jpg",
      "Name" : "EASTERN SOUPS"
    },
    "04" : {
      "Image" : "http://medifoods.my/wp-content/uploads/2015/03/cover-menu-sandwich.jpg",
      "Name" : "SANDWICHES"
    },
    "05" : {
      "Image" : "http://medifoods.my/wp-content/uploads/2015/03/cover-menu-pizza.jpg",
      "Name" : "PIZZA"
    },
    "06" : {
      "Image" : "http://medifoods.my/wp-content/uploads/2015/03/cover-menu-pasta1.jpg",
      "Name" : "PASTA"
    },
    "07" : {
      "Image" : "http://medifoods.my/wp-content/uploads/2015/03/cover-menu-chicken.jpg",
      "Name" : "CHICKEN"
    },
    "08" : {
      "Image" : "http://medifoods.my/wp-content/uploads/2015/03/cover-menu-fish.jpg",
      "Name" : "FISH"
    },
    "09" : {
      "Image" : "http://medifoods.my/wp-content/uploads/2015/03/cover-menu-vegetarian.jpg",
      "Name" : "CHINESE VEGETARIAN"
    },
    "10" : {
      "Image" : "http://medifoods.my/wp-content/uploads/2015/03/cover-menu-delights.jpg",
      "Name" : "MEDIFOODS DELIGHTS"
    },
    "11" : {
      "Image" : "http://medifoods.my/wp-content/uploads/2015/03/cover-menu-snacks.jpg",
      "Name" : "SNACKS"
    }
  },
  "spId" : "-LODQ_eaTG_TKDCBFRCG",
  "spImgUrl" : "https://s3-media4.fl.yelpcdn.com/bphoto/STD286h0X0MCC9yAqCOMUA/l.jpg",
  "spname" : "Won Tong Restaurant",
  "staff" : "wVIjKhFANVNvrGJ718gTmWJfzeu2"
}
