{
  "project_info": {
    "project_number": "562998381320",
    "firebase_url": "https://buzzmeapp-215807.firebaseio.com",
    "project_id": "buzzmeapp-215807",
    "storage_bucket": "buzzmeapp-215807.appspot.com"
  },
  "client": [
    {
      "client_info": {
        "mobilesdk_app_id": "1:562998381320:android:2598111d694d7738",
        "android_client_info": {
          "package_name": "com.mad.buzzme"
        }
      },
      "oauth_client": [
        {
          "client_id": "562998381320-url9i1ve30g424s8c4ruoak0hmooi5v2.apps.googleusercontent.com",
          "client_type": 1,
          "android_info": {
            "package_name": "com.mad.buzzme",
            "certificate_hash": "a7805ef4f7c0813e85cbc7c6904ffa947d777d2f"
          }
        },
        {
          "client_id": "562998381320-s5j18hemjd4pc0t24pfqa9u3s935acmf.apps.googleusercontent.com",
          "client_type": 3
        }
      ],
      "api_key": [
        {
          "current_key": "AIzaSyAri-a7KnXAl4pDZ4rdtqobvxftG5Kt4SA"
        }
      ],
      "services": {
        "analytics_service": {
          "status": 1
        },
        "appinvite_service": {
          "status": 2,
          "other_platform_oauth_client": [
            {
              "client_id": "562998381320-s5j18hemjd4pc0t24pfqa9u3s935acmf.apps.googleusercontent.com",
              "client_type": 3
            }
          ]
        },
        "ads_service": {
          "status": 2
        }
      }
    }
  ],
  "configuration_version": "1"
}